<?xml version="1.0" encoding="utf-8"?>
<browserconfig>
    <msapplication>
        <tile>
            <square70x70logo src="images/favicon/mstile-70x70.png?ich-globe-singlepage=1.0.0"/>
            <square150x150logo src="images/favicon/mstile-150x150.png?ich-globe-singlepage=1.0.0"/>
            <square310x310logo src="images/favicon/mstile-310x310.png?ich-globe-singlepage=1.0.0"/>
            <wide310x150logo src="images/favicon/mstile-310x150.png?ich-globe-singlepage=1.0.0"/>
            <TileColor>#ffffff</TileColor>
        </tile>
    </msapplication>
</browserconfig>
